threshold,macro_f0_5,candidate_recall,candidate_pairs,validation_entities,train_entities
0.2,0.4489409155585858,0.865625725563037,580776,5000,10000
0.25,0.4870982509986007,0.865625725563037,580776,5000,10000
0.3,0.518409044903808,0.865625725563037,580776,5000,10000
0.35,0.5437048196900277,0.865625725563037,580776,5000,10000
0.4,0.5717668578670879,0.865625725563037,580776,5000,10000
0.45,0.5934393973249972,0.865625725563037,580776,5000,10000
0.5,0.6120232989163372,0.865625725563037,580776,5000,10000
0.55,0.6290512419207108,0.865625725563037,580776,5000,10000
0.6,0.6534713985927517,0.865625725563037,580776,5000,10000
0.65,0.6697758750434913,0.865625725563037,580776,5000,10000
0.7,0.6848195719206002,0.865625725563037,580776,5000,10000
0.75,0.6987282089688567,0.865625725563037,580776,5000,10000
0.8,0.7099139524931841,0.865625725563037,580776,5000,10000
0.85,0.7242471981890733,0.865625725563037,580776,5000,10000
0.9,0.7345478007660788,0.865625725563037,580776,5000,10000
0.95,0.7476197961883626,0.865625725563037,580776,5000,10000
0.97,0.7532717805169001,0.865625725563037,580776,5000,10000
0.98,0.7581710739036889,0.865625725563037,580776,5000,10000
0.99,0.7618922528858905,0.865625725563037,580776,5000,10000
0.995,0.7583425759494404,0.865625725563037,580776,5000,10000
